{
  "ticker": "INFY.NS",
  "feature_cols": [
    "Open",
    "High",
    "Low",
    "Close",
    "Volume",
    "ret_1",
    "ret_5",
    "ret_10",
    "lag_1",
    "lag_2",
    "lag_3",
    "lag_4",
    "lag_5",
    "lag_6",
    "lag_7",
    "lag_8",
    "lag_9",
    "lag_10",
    "lag_11",
    "lag_12",
    "lag_13",
    "lag_14",
    "lag_15",
    "lag_16",
    "lag_17",
    "lag_18",
    "lag_19",
    "lag_20",
    "lag_21",
    "lag_22",
    "lag_23",
    "lag_24",
    "lag_25",
    "lag_26",
    "lag_27",
    "lag_28",
    "lag_29",
    "lag_30",
    "ma_7",
    "std_7",
    "ma_14",
    "std_14",
    "ma_30",
    "std_30",
    "rsi_14",
    "macd",
    "macd_signal",
    "bb_percB",
    "dow",
    "month"
  ],
  "seq_len": 60,
  "metrics": {
    "cnn_rmse": 38.88476697500336,
    "cnn_mae": 30.450199364626556,
    "lstm_rmse": 27.231055771277042,
    "lstm_mae": 19.942501262082892,
    "hybrid_rmse": 19.944463470478883,
    "hybrid_mae": 15.267450860206116
  },
  "trained_at": "2026-05-06T04:55:58.200100Z"
}