{
  "ticker": "NITIRAJ.NS",
  "feature_cols": [
    "Open",
    "High",
    "Low",
    "Close",
    "Volume",
    "ret_1",
    "ret_5",
    "ret_10",
    "lag_1",
    "lag_2",
    "lag_3",
    "lag_4",
    "lag_5",
    "lag_6",
    "lag_7",
    "lag_8",
    "lag_9",
    "lag_10",
    "lag_11",
    "lag_12",
    "lag_13",
    "lag_14",
    "lag_15",
    "lag_16",
    "lag_17",
    "lag_18",
    "lag_19",
    "lag_20",
    "lag_21",
    "lag_22",
    "lag_23",
    "lag_24",
    "lag_25",
    "lag_26",
    "lag_27",
    "lag_28",
    "lag_29",
    "lag_30",
    "ma_7",
    "std_7",
    "ma_14",
    "std_14",
    "ma_30",
    "std_30",
    "rsi_14",
    "macd",
    "macd_signal",
    "bb_percB",
    "dow",
    "month"
  ],
  "seq_len": 60,
  "metrics": {
    "cnn_rmse": 11.806592865897239,
    "cnn_mae": 9.85262362162272,
    "lstm_rmse": 7.098598347354461,
    "lstm_mae": 6.123294262175865,
    "hybrid_rmse": 3.264255351903375,
    "hybrid_mae": 2.57074470193977
  },
  "trained_at": "2026-05-06T03:52:54.864617Z"
}