{
  "ticker": "WIPRO.NS",
  "feature_cols": [
    "Open",
    "High",
    "Low",
    "Close",
    "Volume",
    "ret_1",
    "ret_5",
    "ret_10",
    "lag_1",
    "lag_2",
    "lag_3",
    "lag_4",
    "lag_5",
    "lag_6",
    "lag_7",
    "lag_8",
    "lag_9",
    "lag_10",
    "lag_11",
    "lag_12",
    "lag_13",
    "lag_14",
    "lag_15",
    "lag_16",
    "lag_17",
    "lag_18",
    "lag_19",
    "lag_20",
    "lag_21",
    "lag_22",
    "lag_23",
    "lag_24",
    "lag_25",
    "lag_26",
    "lag_27",
    "lag_28",
    "lag_29",
    "lag_30",
    "ma_7",
    "std_7",
    "ma_14",
    "std_14",
    "ma_30",
    "std_30",
    "rsi_14",
    "macd",
    "macd_signal",
    "bb_percB",
    "dow",
    "month"
  ],
  "seq_len": 60,
  "metrics": {
    "cnn_rmse": 6.032593494048734,
    "cnn_mae": 4.545431493228897,
    "lstm_rmse": 5.5266362665958235,
    "lstm_mae": 4.371318946450445,
    "hybrid_rmse": 3.306782175945444,
    "hybrid_mae": 2.450309201504323
  },
  "trained_at": "2026-05-06T04:45:34.120154Z"
}