{
  "ticker": "ZUARIIND.NS",
  "feature_cols": [
    "Open",
    "High",
    "Low",
    "Close",
    "Volume",
    "ret_1",
    "ret_5",
    "ret_10",
    "lag_1",
    "lag_2",
    "lag_3",
    "lag_4",
    "lag_5",
    "lag_6",
    "lag_7",
    "lag_8",
    "lag_9",
    "lag_10",
    "lag_11",
    "lag_12",
    "lag_13",
    "lag_14",
    "lag_15",
    "lag_16",
    "lag_17",
    "lag_18",
    "lag_19",
    "lag_20",
    "lag_21",
    "lag_22",
    "lag_23",
    "lag_24",
    "lag_25",
    "lag_26",
    "lag_27",
    "lag_28",
    "lag_29",
    "lag_30",
    "ma_7",
    "std_7",
    "ma_14",
    "std_14",
    "ma_30",
    "std_30",
    "rsi_14",
    "macd",
    "macd_signal",
    "bb_percB",
    "dow",
    "month"
  ],
  "seq_len": 60,
  "metrics": {
    "cnn_rmse": 12.07399385379832,
    "cnn_mae": 8.856738268587105,
    "lstm_rmse": 16.453392392204343,
    "lstm_mae": 11.49455254764879,
    "hybrid_rmse": 6.355891889040579,
    "hybrid_mae": 5.105748407891452
  },
  "trained_at": "2026-05-06T03:26:08.000247Z"
}